MSA_MD_Code,MSA_MD_Name
10100,"Aberdeen, SD (MSA)"
10140,"Aberdeen, WA (MSA)"
10180,"Abilene, TX (MSA)"
10220,"Ada, OK (MSA)"
10300,"Adrian, MI (MSA)"
10380,"Aguadilla-Isabela, PR (MSA)"
10420,"Akron, OH (MSA)"
10460,"Alamogordo, NM (MSA)"
10500,"Albany, GA (MSA)"
10540,"Albany-Lebanon, OR (MSA)"
10580,"Albany-Schenectady-Troy, NY (MSA)"
10620,"Albemarle, NC (MSA)"
10660,"Albert Lea, MN (MSA)"
10700,"Albertville, AL (MSA)"
10740,"Albuquerque, NM (MSA)"
10760,"Alexander City, AL (MSA)"
10780,"Alexandria, LA (MSA)"
10820,"Alexandria, MN (MSA)"
10860,"Alice, TX (MSA)"
10900,"Allentown-Bethlehem-Easton, PA-NJ (MSA)"
10940,"Alma, MI (MSA)"
10980,"Alpena, MI (MSA)"
11020,"Altoona, PA (MSA)"
11060,"Altus, OK (MSA)"
11100,"Amarillo, TX (MSA)"
11140,"Americus, GA (MSA)"
11180,"Ames, IA (MSA)"
11220,"Amsterdam, NY (MSA)"
11244,"Anaheim-Santa Ana-Irvine, CA (MD)"
11260,"Anchorage, AK (MSA)"
11380,"Andrews, TX (MSA)"
11420,"Angola, IN (MSA)"
11460,"Ann Arbor, MI (MSA)"
11500,"Anniston-Oxford, AL (MSA)"
11540,"Appleton, WI (MSA)"
11580,"Arcadia, FL (MSA)"
11620,"Ardmore, OK (MSA)"
11640,"Arecibo, PR (MSA)"
11660,"Arkadelphia, AR (MSA)"
11700,"Asheville, NC (MSA)"
11740,"Ashland, OH (MSA)"
11780,"Ashtabula, OH (MSA)"
11820,"Astoria, OR (MSA)"
11860,"Atchison, KS (MSA)"
11900,"Athens, OH (MSA)"
11940,"Athens, TN (MSA)"
11980,"Athens, TX (MSA)"
12020,"Athens-Clarke County, GA (MSA)"
12060,"Atlanta-Sandy Springs-Alpharetta, GA (MSA)"
12100,"Atlantic City-Hammonton, NJ (MSA)"
12120,"Atmore, AL (MSA)"
12140,"Auburn, IN (MSA)"
12180,"Auburn, NY (MSA)"
12220,"Auburn-Opelika, AL (MSA)"
12260,"Augusta-Richmond County, GA-SC (MSA)"
12300,"Augusta-Waterville, ME (MSA)"
12380,"Austin, MN (MSA)"
12420,"Austin-Round Rock-Georgetown, TX (MSA)"
12460,"Bainbridge, GA (MSA)"
12540,"Bakersfield, CA (MSA)"
12580,"Baltimore-Columbia-Towson, MD (MSA)"
12620,"Bangor, ME (MSA)"
12660,"Baraboo, WI (MSA)"
12680,"Bardstown, KY (MSA)"
12700,"Barnstable Town, MA (MSA)"
12740,"Barre, VT (MSA)"
12780,"Bartlesville, OK (MSA)"
12860,"Batavia, NY (MSA)"
12900,"Batesville, AR (MSA)"
12940,"Baton Rouge, LA (MSA)"
12980,"Battle Creek, MI (MSA)"
13020,"Bay City, MI (MSA)"
13060,"Bay City, TX (MSA)"
13100,"Beatrice, NE (MSA)"
13140,"Beaumont-Port Arthur, TX (MSA)"
13180,"Beaver Dam, WI (MSA)"
13220,"Beckley, WV (MSA)"
13260,"Bedford, IN (MSA)"
13300,"Beeville, TX (MSA)"
13340,"Bellefontaine, OH (MSA)"
13380,"Bellingham, WA (MSA)"
13420,"Bemidji, MN (MSA)"
13460,"Bend, OR (MSA)"
13500,"Bennettsville, SC (MSA)"
13540,"Bennington, VT (MSA)"
13620,"Berlin, NH (MSA)"
13660,"Big Rapids, MI (MSA)"
13700,"Big Spring, TX (MSA)"
13720,"Big Stone Gap, VA (MSA)"
13740,"Billings, MT (MSA)"
13780,"Binghamton, NY (MSA)"
13820,"Birmingham-Hoover, AL (MSA)"
13900,"Bismarck, ND (MSA)"
13940,"Blackfoot, ID (MSA)"
13980,"Blacksburg-Christiansburg, VA (MSA)"
14010,"Bloomington, IL (MSA)"
14020,"Bloomington, IN (MSA)"
14100,"Bloomsburg-Berwick, PA (MSA)"
14140,"Bluefield, WV-VA (MSA)"
14160,"Bluffton, IN (MSA)"
14180,"Blytheville, AR (MSA)"
14220,"Bogalusa, LA (MSA)"
14260,"Boise City, ID (MSA)"
14300,"Bonham, TX (MSA)"
14380,"Boone, NC (MSA)"
14420,"Borger, TX (MSA)"
14454,"Boston, MA (MD)"
14460,"Boston-Cambridge-Newton, MA-NH (MSA)"
14500,"Boulder, CO (MSA)"
14540,"Bowling Green, KY (MSA)"
14580,"Bozeman, MT (MSA)"
14620,"Bradford, PA (MSA)"
14660,"Brainerd, MN (MSA)"
14700,"Branson, MO (MSA)"
14720,"Breckenridge, CO (MSA)"
14740,"Bremerton-Silverdale-Port Orchard, WA (MSA)"
14780,"Brenham, TX (MSA)"
14820,"Brevard, NC (MSA)"
14860,"Bridgeport-Stamford-Norwalk, CT (MSA)"
15020,"Brookhaven, MS (MSA)"
15060,"Brookings, OR (MSA)"
15100,"Brookings, SD (MSA)"
15140,"Brownsville, TN (MSA)"
15180,"Brownsville-Harlingen, TX (MSA)"
15220,"Brownwood, TX (MSA)"
15260,"Brunswick, GA (MSA)"
15340,"Bucyrus-Galion, OH (MSA)"
15380,"Buffalo-Cheektowaga, NY (MSA)"
15420,"Burley, ID (MSA)"
15460,"Burlington, IA-IL (MSA)"
15500,"Burlington, NC (MSA)"
15540,"Burlington-South Burlington, VT (MSA)"
15580,"Butte-Silver Bow, MT (MSA)"
15620,"Cadillac, MI (MSA)"
15660,"Calhoun, GA (MSA)"
15680,"California-Lexington Park, MD (MSA)"
15700,"Cambridge, MD (MSA)"
15740,"Cambridge, OH (MSA)"
15764,"Cambridge-Newton-Framingham, MA (MD)"
15780,"Camden, AR (MSA)"
15804,"Camden, NJ (MD)"
15820,"Campbellsville, KY (MSA)"
15860,"Cañon City, CO (MSA)"
15940,"Canton-Massillon, OH (MSA)"
15980,"Cape Coral-Fort Myers, FL (MSA)"
16020,"Cape Girardeau, MO-IL (MSA)"
16060,"Carbondale-Marion, IL (MSA)"
16100,"Carlsbad-Artesia, NM (MSA)"
16140,"Carroll, IA (MSA)"
16180,"Carson City, NV (MSA)"
16220,"Casper, WY (MSA)"
16260,"Cedar City, UT (MSA)"
16300,"Cedar Rapids, IA (MSA)"
16340,"Cedartown, GA (MSA)"
16380,"Celina, OH (MSA)"
16420,"Central City, KY (MSA)"
16460,"Centralia, IL (MSA)"
16500,"Centralia, WA (MSA)"
16540,"Chambersburg-Waynesboro, PA (MSA)"
16580,"Champaign-Urbana, IL (MSA)"
16620,"Charleston, WV (MSA)"
16660,"Charleston-Mattoon, IL (MSA)"
16700,"Charleston-North Charleston, SC (MSA)"
16740,"Charlotte-Concord-Gastonia, NC-SC (MSA)"
16820,"Charlottesville, VA (MSA)"
16860,"Chattanooga, TN-GA (MSA)"
16940,"Cheyenne, WY (MSA)"
16980,"Chicago-Naperville-Elgin, IL-IN-WI (MSA)"
16984,"Chicago-Naperville-Evanston, IL (MD)"
17020,"Chico, CA (MSA)"
17060,"Chillicothe, OH (MSA)"
17140,"Cincinnati, OH-KY-IN (MSA)"
17220,"Clarksburg, WV (MSA)"
17260,"Clarksdale, MS (MSA)"
17300,"Clarksville, TN-KY (MSA)"
17340,"Clearlake, CA (MSA)"
17380,"Cleveland, MS (MSA)"
17420,"Cleveland, TN (MSA)"
17460,"Cleveland-Elyria, OH (MSA)"
17500,"Clewiston, FL (MSA)"
17540,"Clinton, IA (MSA)"
17580,"Clovis, NM (MSA)"
17620,"Coamo, PR (MSA)"
17640,"Coco, PR (MSA)"
17660,"Coeur d'Alene, ID (MSA)"
17700,"Coffeyville, KS (MSA)"
17740,"Coldwater, MI (MSA)"
17780,"College Station-Bryan, TX (MSA)"
17820,"Colorado Springs, CO (MSA)"
17860,"Columbia, MO (MSA)"
17900,"Columbia, SC (MSA)"
17980,"Columbus, GA-AL (MSA)"
18020,"Columbus, IN (MSA)"
18060,"Columbus, MS (MSA)"
18100,"Columbus, NE (MSA)"
18140,"Columbus, OH (MSA)"
18180,"Concord, NH (MSA)"
18220,"Connersville, IN (MSA)"
18260,"Cookeville, TN (MSA)"
18300,"Coos Bay, OR (MSA)"
18380,"Cordele, GA (MSA)"
18420,"Corinth, MS (MSA)"
18460,"Cornelia, GA (MSA)"
18500,"Corning, NY (MSA)"
18580,"Corpus Christi, TX (MSA)"
18620,"Corsicana, TX (MSA)"
18660,"Cortland, NY (MSA)"
18700,"Corvallis, OR (MSA)"
18740,"Coshocton, OH (MSA)"
18780,"Craig, CO (MSA)"
18820,"Crawfordsville, IN (MSA)"
18860,"Crescent City, CA (MSA)"
18880,"Crestview-Fort Walton Beach-Destin, FL (MSA)"
18900,"Crossville, TN (MSA)"
18980,"Cullman, AL (MSA)"
19000,"Cullowhee, NC (MSA)"
19060,"Cumberland, MD-WV (MSA)"
19100,"Dallas-Fort Worth-Arlington, TX (MSA)"
19124,"Dallas-Plano-Irving, TX (MD)"
19140,"Dalton, GA (MSA)"
19180,"Danville, IL (MSA)"
19220,"Danville, KY (MSA)"
19260,"Danville, VA (MSA)"
19300,"Daphne-Fairhope-Foley, AL (MSA)"
19340,"Davenport-Moline-Rock Island, IA-IL (MSA)"
19420,"Dayton, TN (MSA)"
19430,"Dayton-Kettering, OH (MSA)"
19460,"Decatur, AL (MSA)"
19500,"Decatur, IL (MSA)"
19540,"Decatur, IN (MSA)"
19580,"Defiance, OH (MSA)"
19620,"Del Rio, TX (MSA)"
19660,"Deltona-Daytona Beach-Ormond Beach, FL (MSA)"
19700,"Deming, NM (MSA)"
19740,"Denver-Aurora-Lakewood, CO (MSA)"
19760,"DeRidder, LA (MSA)"
19780,"Des Moines-West Des Moines, IA (MSA)"
19804,"Detroit-Dearborn-Livonia, MI (MD)"
19820,"Detroit-Warren-Dearborn, MI (MSA)"
19860,"Dickinson, ND (MSA)"
19940,"Dixon, IL (MSA)"
19980,"Dodge City, KS (MSA)"
20020,"Dothan, AL (MSA)"
20060,"Douglas, GA (MSA)"
20100,"Dover, DE (MSA)"
20140,"Dublin, GA (MSA)"
20180,"DuBois, PA (MSA)"
20220,"Dubuque, IA (MSA)"
20260,"Duluth, MN-WI (MSA)"
20300,"Dumas, TX (MSA)"
20340,"Duncan, OK (MSA)"
20420,"Durango, CO (MSA)"
20460,"Durant, OK (MSA)"
20500,"Durham-Chapel Hill, NC (MSA)"
20540,"Dyersburg, TN (MSA)"
20580,"Eagle Pass, TX (MSA)"
20660,"Easton, MD (MSA)"
20700,"East Stroudsburg, PA (MSA)"
20740,"Eau Claire, WI (MSA)"
20780,"Edwards, CO (MSA)"
20820,"Effingham, IL (MSA)"
20900,"El Campo, TX (MSA)"
20940,"El Centro, CA (MSA)"
20980,"El Dorado, AR (MSA)"
20994,"Elgin, IL (MD)"
21020,"Elizabeth City, NC (MSA)"
21060,"Elizabethtown-Fort Knox, KY (MSA)"
21120,"Elk City, OK (MSA)"
21140,"Elkhart-Goshen, IN (MSA)"
21180,"Elkins, WV (MSA)"
21220,"Elko, NV (MSA)"
21260,"Ellensburg, WA (MSA)"
21300,"Elmira, NY (MSA)"
21340,"El Paso, TX (MSA)"
21380,"Emporia, KS (MSA)"
21420,"Enid, OK (MSA)"
21460,"Enterprise, AL (MSA)"
21500,"Erie, PA (MSA)"
21540,"Escanaba, MI (MSA)"
21580,"Española, NM (MSA)"
21640,"Eufaula, AL-GA (MSA)"
21660,"Eugene-Springfield, OR (MSA)"
21700,"Eureka-Arcata, CA (MSA)"
21740,"Evanston, WY (MSA)"
21780,"Evansville, IN-KY (MSA)"
21820,"Fairbanks, AK (MSA)"
21840,"Fairfield, IA (MSA)"
21860,"Fairmont, MN (MSA)"
21900,"Fairmont, WV (MSA)"
21980,"Fallon, NV (MSA)"
22020,"Fargo, ND-MN (MSA)"
22060,"Faribault-Northfield, MN (MSA)"
22100,"Farmington, MO (MSA)"
22140,"Farmington, NM (MSA)"
22180,"Fayetteville, NC (MSA)"
22220,"Fayetteville-Springdale-Rogers, AR (MSA)"
22260,"Fergus Falls, MN (MSA)"
22280,"Fernley, NV (MSA)"
22300,"Findlay, OH (MSA)"
22340,"Fitzgerald, GA (MSA)"
22380,"Flagstaff, AZ (MSA)"
22420,"Flint, MI (MSA)"
22500,"Florence, SC (MSA)"
22520,"Florence-Muscle Shoals, AL (MSA)"
22540,"Fond du Lac, WI (MSA)"
22580,"Forest City, NC (MSA)"
22620,"Forrest City, AR (MSA)"
22660,"Fort Collins, CO (MSA)"
22700,"Fort Dodge, IA (MSA)"
22744,"Fort Lauderdale-Pompano Beach-Sunrise, FL (MD)"
22780,"Fort Leonard Wood, MO (MSA)"
22800,"Fort Madison-Keokuk, IA-IL-MO (MSA)"
22820,"Fort Morgan, CO (MSA)"
22840,"Fort Payne, AL (MSA)"
22860,"Fort Polk South, LA (MSA)"
22900,"Fort Smith, AR-OK (MSA)"
23060,"Fort Wayne, IN (MSA)"
23104,"Fort Worth-Arlington-Grapevine, TX (MD)"
23140,"Frankfort, IN (MSA)"
23180,"Frankfort, KY (MSA)"
23224,"Frederick-Gaithersburg-Rockville, MD (MD)"
23240,"Fredericksburg, TX (MSA)"
23300,"Freeport, IL (MSA)"
23340,"Fremont, NE (MSA)"
23380,"Fremont, OH (MSA)"
23420,"Fresno, CA (MSA)"
23460,"Gadsden, AL (MSA)"
23500,"Gaffney, SC (MSA)"
23540,"Gainesville, FL (MSA)"
23580,"Gainesville, GA (MSA)"
23620,"Gainesville, TX (MSA)"
23660,"Galesburg, IL (MSA)"
23700,"Gallup, NM (MSA)"
23780,"Garden City, KS (MSA)"
23820,"Gardnerville Ranchos, NV (MSA)"
23844,"Gary, IN (MD)"
23860,"Georgetown, SC (MSA)"
23900,"Gettysburg, PA (MSA)"
23940,"Gillette, WY (MSA)"
23980,"Glasgow, KY (MSA)"
24020,"Glens Falls, NY (MSA)"
24060,"Glenwood Springs, CO (MSA)"
24100,"Gloversville, NY (MSA)"
24140,"Goldsboro, NC (MSA)"
24180,"Granbury, TX (MSA)"
24220,"Grand Forks, ND-MN (MSA)"
24260,"Grand Island, NE (MSA)"
24300,"Grand Junction, CO (MSA)"
24330,"Grand Rapids, MN (MSA)"
24340,"Grand Rapids-Kentwood, MI (MSA)"
24380,"Grants, NM (MSA)"
24420,"Grants Pass, OR (MSA)"
24460,"Great Bend, KS (MSA)"
24500,"Great Falls, MT (MSA)"
24540,"Greeley, CO (MSA)"
24580,"Green Bay, WI (MSA)"
24620,"Greeneville, TN (MSA)"
24660,"Greensboro-High Point, NC (MSA)"
24700,"Greensburg, IN (MSA)"
24740,"Greenville, MS (MSA)"
24780,"Greenville, NC (MSA)"
24820,"Greenville, OH (MSA)"
24860,"Greenville-Anderson, SC (MSA)"
24900,"Greenwood, MS (MSA)"
24940,"Greenwood, SC (MSA)"
24980,"Grenada, MS (MSA)"
25020,"Guayama, PR (MSA)"
25060,"Gulfport-Biloxi, MS (MSA)"
25100,"Guymon, OK (MSA)"
25180,"Hagerstown-Martinsburg, MD-WV (MSA)"
25200,"Hailey, ID (MSA)"
25220,"Hammond, LA (MSA)"
25260,"Hanford-Corcoran, CA (MSA)"
25300,"Hannibal, MO (MSA)"
25420,"Harrisburg-Carlisle, PA (MSA)"
25460,"Harrison, AR (MSA)"
25500,"Harrisonburg, VA (MSA)"
25540,"Hartford-East Hartford-Middletown, CT (MSA)"
25580,"Hastings, NE (MSA)"
25620,"Hattiesburg, MS (MSA)"
25700,"Hays, KS (MSA)"
25720,"Heber, UT (MSA)"
25740,"Helena, MT (MSA)"
25760,"Helena-West Helena, AR (MSA)"
25780,"Henderson, NC (MSA)"
25820,"Hereford, TX (MSA)"
25840,"Hermiston-Pendleton, OR (MSA)"
25860,"Hickory-Lenoir-Morganton, NC (MSA)"
25880,"Hillsdale, MI (MSA)"
25900,"Hilo, HI (MSA)"
25940,"Hilton Head Island-Bluffton, SC (MSA)"
25980,"Hinesville, GA (MSA)"
26020,"Hobbs, NM (MSA)"
26090,"Holland, MI (MSA)"
26140,"Homosassa Springs, FL (MSA)"
26220,"Hood River, OR (MSA)"
26260,"Hope, AR (MSA)"
26300,"Hot Springs, AR (MSA)"
26340,"Houghton, MI (MSA)"
26380,"Houma-Thibodaux, LA (MSA)"
26420,"Houston-The Woodlands-Sugar Land, TX (MSA)"
26460,"Hudson, NY (MSA)"
26500,"Huntingdon, PA (MSA)"
26540,"Huntington, IN (MSA)"
26580,"Huntington-Ashland, WV-KY-OH (MSA)"
26620,"Huntsville, AL (MSA)"
26660,"Huntsville, TX (MSA)"
26700,"Huron, SD (MSA)"
26740,"Hutchinson, KS (MSA)"
26780,"Hutchinson, MN (MSA)"
26820,"Idaho Falls, ID (MSA)"
26860,"Indiana, PA (MSA)"
26900,"Indianapolis-Carmel-Anderson, IN (MSA)"
26940,"Indianola, MS (MSA)"
26980,"Iowa City, IA (MSA)"
27020,"Iron Mountain, MI-WI (MSA)"
27060,"Ithaca, NY (MSA)"
27100,"Jackson, MI (MSA)"
27140,"Jackson, MS (MSA)"
27160,"Jackson, OH (MSA)"
27180,"Jackson, TN (MSA)"
27220,"Jackson, WY-ID (MSA)"
27260,"Jacksonville, FL (MSA)"
27300,"Jacksonville, IL (MSA)"
27340,"Jacksonville, NC (MSA)"
27380,"Jacksonville, TX (MSA)"
27420,"Jamestown, ND (MSA)"
27460,"Jamestown-Dunkirk-Fredonia, NY (MSA)"
27500,"Janesville-Beloit, WI (MSA)"
27530,"Jasper, AL (MSA)"
27540,"Jasper, IN (MSA)"
27580,"Jayuya, PR (MSA)"
27600,"Jefferson, GA (MSA)"
27620,"Jefferson City, MO (MSA)"
27660,"Jennings, LA (MSA)"
27700,"Jesup, GA (MSA)"
27740,"Johnson City, TN (MSA)"
27780,"Johnstown, PA (MSA)"
27860,"Jonesboro, AR (MSA)"
27900,"Joplin, MO (MSA)"
27940,"Juneau, AK (MSA)"
27980,"Kahului-Wailuku-Lahaina, HI (MSA)"
28020,"Kalamazoo-Portage, MI (MSA)"
28060,"Kalispell, MT (MSA)"
28100,"Kankakee, IL (MSA)"
28140,"Kansas City, MO-KS (MSA)"
28180,"Kapaa, HI (MSA)"
28260,"Kearney, NE (MSA)"
28300,"Keene, NH (MSA)"
28340,"Kendallville, IN (MSA)"
28380,"Kennett, MO (MSA)"
28420,"Kennewick-Richland, WA (MSA)"
28500,"Kerrville, TX (MSA)"
28540,"Ketchikan, AK (MSA)"
28580,"Key West, FL (MSA)"
28620,"Kill Devil Hills, NC (MSA)"
28660,"Killeen-Temple, TX (MSA)"
28700,"Kingsport-Bristol, TN-VA (MSA)"
28740,"Kingston, NY (MSA)"
28780,"Kingsville, TX (MSA)"
28820,"Kinston, NC (MSA)"
28860,"Kirksville, MO (MSA)"
28900,"Klamath Falls, OR (MSA)"
28940,"Knoxville, TN (MSA)"
29020,"Kokomo, IN (MSA)"
29060,"Laconia, NH (MSA)"
29100,"La Crosse-Onalaska, WI-MN (MSA)"
29180,"Lafayette, LA (MSA)"
29200,"Lafayette-West Lafayette, IN (MSA)"
29260,"La Grande, OR (MSA)"
29300,"LaGrange, GA-AL (MSA)"
29340,"Lake Charles, LA (MSA)"
29380,"Lake City, FL (MSA)"
29404,"Lake County-Kenosha County, IL-WI (MD)"
29420,"Lake Havasu City-Kingman, AZ (MSA)"
29460,"Lakeland-Winter Haven, FL (MSA)"
29500,"Lamesa, TX (MSA)"
29540,"Lancaster, PA (MSA)"
29620,"Lansing-East Lansing, MI (MSA)"
29660,"Laramie, WY (MSA)"
29700,"Laredo, TX (MSA)"
29740,"Las Cruces, NM (MSA)"
29780,"Las Vegas, NM (MSA)"
29820,"Las Vegas-Henderson-Paradise, NV (MSA)"
29860,"Laurel, MS (MSA)"
29900,"Laurinburg, NC (MSA)"
29940,"Lawrence, KS (MSA)"
29980,"Lawrenceburg, TN (MSA)"
30020,"Lawton, OK (MSA)"
30060,"Lebanon, MO (MSA)"
30100,"Lebanon, NH-VT (MSA)"
30140,"Lebanon, PA (MSA)"
30220,"Levelland, TX (MSA)"
30260,"Lewisburg, PA (MSA)"
30280,"Lewisburg, TN (MSA)"
30300,"Lewiston, ID-WA (MSA)"
30340,"Lewiston-Auburn, ME (MSA)"
30380,"Lewistown, PA (MSA)"
30420,"Lexington, NE (MSA)"
30460,"Lexington-Fayette, KY (MSA)"
30580,"Liberal, KS (MSA)"
30620,"Lima, OH (MSA)"
30660,"Lincoln, IL (MSA)"
30700,"Lincoln, NE (MSA)"
30780,"Little Rock-North Little Rock-Conway, AR (MSA)"
30820,"Lock Haven, PA (MSA)"
30860,"Logan, UT-ID (MSA)"
30900,"Logansport, IN (MSA)"
30940,"London, KY (MSA)"
30980,"Longview, TX (MSA)"
31020,"Longview, WA (MSA)"
31060,"Los Alamos, NM (MSA)"
31080,"Los Angeles-Long Beach-Anaheim, CA (MSA)"
31084,"Los Angeles-Long Beach-Glendale, CA (MD)"
31140,"Louisville/Jefferson County, KY-IN (MSA)"
31180,"Lubbock, TX (MSA)"
31220,"Ludington, MI (MSA)"
31260,"Lufkin, TX (MSA)"
31300,"Lumberton, NC (MSA)"
31340,"Lynchburg, VA (MSA)"
31380,"Macomb, IL (MSA)"
31420,"Macon-Bibb County, GA (MSA)"
31460,"Madera, CA (MSA)"
31500,"Madison, IN (MSA)"
31540,"Madison, WI (MSA)"
31580,"Madisonville, KY (MSA)"
31620,"Magnolia, AR (MSA)"
31660,"Malone, NY (MSA)"
31680,"Malvern, AR (MSA)"
31700,"Manchester-Nashua, NH (MSA)"
31740,"Manhattan, KS (MSA)"
31820,"Manitowoc, WI (MSA)"
31860,"Mankato, MN (MSA)"
31900,"Mansfield, OH (MSA)"
31930,"Marietta, OH (MSA)"
31940,"Marinette, WI-MI (MSA)"
31980,"Marion, IN (MSA)"
32000,"Marion, NC (MSA)"
32020,"Marion, OH (MSA)"
32100,"Marquette, MI (MSA)"
32140,"Marshall, MN (MSA)"
32180,"Marshall, MO (MSA)"
32260,"Marshalltown, IA (MSA)"
32280,"Martin, TN (MSA)"
32300,"Martinsville, VA (MSA)"
32340,"Maryville, MO (MSA)"
32380,"Mason City, IA (MSA)"
32420,"Mayagüez, PR (MSA)"
32460,"Mayfield, KY (MSA)"
32500,"Maysville, KY (MSA)"
32540,"McAlester, OK (MSA)"
32580,"McAllen-Edinburg-Mission, TX (MSA)"
32620,"McComb, MS (MSA)"
32660,"McMinnville, TN (MSA)"
32700,"McPherson, KS (MSA)"
32740,"Meadville, PA (MSA)"
32780,"Medford, OR (MSA)"
32820,"Memphis, TN-MS-AR (MSA)"
32860,"Menomonie, WI (MSA)"
32900,"Merced, CA (MSA)"
32940,"Meridian, MS (MSA)"
33020,"Mexico, MO (MSA)"
33060,"Miami, OK (MSA)"
33100,"Miami-Fort Lauderdale-Pompano Beach, FL (MSA)"
33124,"Miami-Miami Beach-Kendall, FL (MD)"
33140,"Michigan City-La Porte, IN (MSA)"
33180,"Middlesborough, KY (MSA)"
33220,"Midland, MI (MSA)"
33260,"Midland, TX (MSA)"
33300,"Milledgeville, GA (MSA)"
33340,"Milwaukee-Waukesha, WI (MSA)"
33380,"Minden, LA (MSA)"
33420,"Mineral Wells, TX (MSA)"
33460,"Minneapolis-St. Paul-Bloomington, MN-WI (MSA)"
33500,"Minot, ND (MSA)"
33540,"Missoula, MT (MSA)"
33580,"Mitchell, SD (MSA)"
33620,"Moberly, MO (MSA)"
33660,"Mobile, AL (MSA)"
33700,"Modesto, CA (MSA)"
33740,"Monroe, LA (MSA)"
33780,"Monroe, MI (MSA)"
33860,"Montgomery, AL (MSA)"
33874,"Montgomery County-Bucks County-Chester County, PA (MD)"
33940,"Montrose, CO (MSA)"
33980,"Morehead City, NC (MSA)"
34020,"Morgan City, LA (MSA)"
34060,"Morgantown, WV (MSA)"
34100,"Morristown, TN (MSA)"
34140,"Moscow, ID (MSA)"
34180,"Moses Lake, WA (MSA)"
34220,"Moultrie, GA (MSA)"
34260,"Mountain Home, AR (MSA)"
34300,"Mountain Home, ID (MSA)"
34340,"Mount Airy, NC (MSA)"
34350,"Mount Gay-Shamrock, WV (MSA)"
34380,"Mount Pleasant, MI (MSA)"
34420,"Mount Pleasant, TX (MSA)"
34460,"Mount Sterling, KY (MSA)"
34500,"Mount Vernon, IL (MSA)"
34540,"Mount Vernon, OH (MSA)"
34580,"Mount Vernon-Anacortes, WA (MSA)"
34620,"Muncie, IN (MSA)"
34660,"Murray, KY (MSA)"
34700,"Muscatine, IA (MSA)"
34740,"Muskegon, MI (MSA)"
34780,"Muskogee, OK (MSA)"
34820,"Myrtle Beach-Conway-North Myrtle Beach, SC-NC (MSA)"
34860,"Nacogdoches, TX (MSA)"
34900,"Napa, CA (MSA)"
34940,"Naples-Marco Island, FL (MSA)"
34980,"Nashville-Davidson--Murfreesboro--Franklin, TN (MSA)"
35004,"Nassau County-Suffolk County, NY (MD)"
35020,"Natchez, MS-LA (MSA)"
35060,"Natchitoches, LA (MSA)"
35084,"Newark, NJ-PA (MD)"
35100,"New Bern, NC (MSA)"
35140,"Newberry, SC (MSA)"
35154,"New Brunswick-Lakewood, NJ (MD)"
35220,"New Castle, IN (MSA)"
35260,"New Castle, PA (MSA)"
35300,"New Haven-Milford, CT (MSA)"
35380,"New Orleans-Metairie, LA (MSA)"
35420,"New Philadelphia-Dover, OH (MSA)"
35440,"Newport, OR (MSA)"
35460,"Newport, TN (MSA)"
35580,"New Ulm, MN (MSA)"
35614,"New York-Jersey City-White Plains, NY-NJ (MD)"
35620,"New York-Newark-Jersey City, NY-NJ-PA (MSA)"
35660,"Niles, MI (MSA)"
35700,"Nogales, AZ (MSA)"
35740,"Norfolk, NE (MSA)"
35820,"North Platte, NE (MSA)"
35840,"North Port-Sarasota-Bradenton, FL (MSA)"
35860,"North Vernon, IN (MSA)"
35900,"North Wilkesboro, NC (MSA)"
35940,"Norwalk, OH (MSA)"
35980,"Norwich-New London, CT (MSA)"
36020,"Oak Harbor, WA (MSA)"
36084,"Oakland-Berkeley-Livermore, CA (MD)"
36100,"Ocala, FL (MSA)"
36140,"Ocean City, NJ (MSA)"
36220,"Odessa, TX (MSA)"
36260,"Ogden-Clearfield, UT (MSA)"
36300,"Ogdensburg-Massena, NY (MSA)"
36340,"Oil City, PA (MSA)"
36380,"Okeechobee, FL (MSA)"
36420,"Oklahoma City, OK (MSA)"
36460,"Olean, NY (MSA)"
36500,"Olympia-Lacey-Tumwater, WA (MSA)"
36540,"Omaha-Council Bluffs, NE-IA (MSA)"
36580,"Oneonta, NY (MSA)"
36620,"Ontario, OR-ID (MSA)"
36660,"Opelousas, LA (MSA)"
36700,"Orangeburg, SC (MSA)"
36740,"Orlando-Kissimmee-Sanford, FL (MSA)"
36780,"Oshkosh-Neenah, WI (MSA)"
36820,"Oskaloosa, IA (MSA)"
36830,"Othello, WA (MSA)"
36837,"Ottawa, IL (MSA)"
36840,"Ottawa, KS (MSA)"
36900,"Ottumwa, IA (MSA)"
36940,"Owatonna, MN (MSA)"
36980,"Owensboro, KY (MSA)"
37060,"Oxford, MS (MSA)"
37100,"Oxnard-Thousand Oaks-Ventura, CA (MSA)"
37120,"Ozark, AL (MSA)"
37140,"Paducah, KY-IL (MSA)"
37220,"Pahrump, NV (MSA)"
37260,"Palatka, FL (MSA)"
37300,"Palestine, TX (MSA)"
37340,"Palm Bay-Melbourne-Titusville, FL (MSA)"
37420,"Pampa, TX (MSA)"
37460,"Panama City, FL (MSA)"
37500,"Paragould, AR (MSA)"
37540,"Paris, TN (MSA)"
37580,"Paris, TX (MSA)"
37620,"Parkersburg-Vienna, WV (MSA)"
37660,"Parsons, KS (MSA)"
37740,"Payson, AZ (MSA)"
37770,"Pearsall, TX (MSA)"
37780,"Pecos, TX (MSA)"
37800,"Pella, IA (MSA)"
37860,"Pensacola-Ferry Pass-Brent, FL (MSA)"
37900,"Peoria, IL (MSA)"
37940,"Peru, IN (MSA)"
37964,"Philadelphia, PA (MD)"
37980,"Philadelphia-Camden-Wilmington, PA-NJ-DE-MD (MSA)"
38060,"Phoenix-Mesa-Chandler, AZ (MSA)"
38100,"Picayune, MS (MSA)"
38180,"Pierre, SD (MSA)"
38220,"Pine Bluff, AR (MSA)"
38240,"Pinehurst-Southern Pines, NC (MSA)"
38260,"Pittsburg, KS (MSA)"
38300,"Pittsburgh, PA (MSA)"
38340,"Pittsfield, MA (MSA)"
38380,"Plainview, TX (MSA)"
38420,"Platteville, WI (MSA)"
38460,"Plattsburgh, NY (MSA)"
38500,"Plymouth, IN (MSA)"
38540,"Pocatello, ID (MSA)"
38580,"Point Pleasant, WV-OH (MSA)"
38620,"Ponca City, OK (MSA)"
38660,"Ponce, PR (MSA)"
38700,"Pontiac, IL (MSA)"
38740,"Poplar Bluff, MO (MSA)"
38780,"Portales, NM (MSA)"
38820,"Port Angeles, WA (MSA)"
38860,"Portland-South Portland, ME (MSA)"
38900,"Portland-Vancouver-Hillsboro, OR-WA (MSA)"
38920,"Port Lavaca, TX (MSA)"
38940,"Port St. Lucie, FL (MSA)"
39020,"Portsmouth, OH (MSA)"
39060,"Pottsville, PA (MSA)"
39100,"Poughkeepsie-Newburgh-Middletown, NY (MSA)"
39150,"Prescott Valley-Prescott, AZ (MSA)"
39220,"Price, UT (MSA)"
39260,"Prineville, OR (MSA)"
39300,"Providence-Warwick, RI-MA (MSA)"
39340,"Provo-Orem, UT (MSA)"
39380,"Pueblo, CO (MSA)"
39420,"Pullman, WA (MSA)"
39460,"Punta Gorda, FL (MSA)"
39500,"Quincy, IL-MO (MSA)"
39540,"Racine, WI (MSA)"
39580,"Raleigh-Cary, NC (MSA)"
39660,"Rapid City, SD (MSA)"
39700,"Raymondville, TX (MSA)"
39740,"Reading, PA (MSA)"
39780,"Red Bluff, CA (MSA)"
39820,"Redding, CA (MSA)"
39860,"Red Wing, MN (MSA)"
39900,"Reno, NV (MSA)"
39940,"Rexburg, ID (MSA)"
39980,"Richmond, IN (MSA)"
40060,"Richmond, VA (MSA)"
40080,"Richmond-Berea, KY (MSA)"
40100,"Rio Grande City-Roma, TX (MSA)"
40140,"Riverside-San Bernardino-Ontario, CA (MSA)"
40180,"Riverton, WY (MSA)"
40220,"Roanoke, VA (MSA)"
40260,"Roanoke Rapids, NC (MSA)"
40300,"Rochelle, IL (MSA)"
40340,"Rochester, MN (MSA)"
40380,"Rochester, NY (MSA)"
40420,"Rockford, IL (MSA)"
40460,"Rockingham, NC (MSA)"
40484,"Rockingham County-Strafford County, NH (MD)"
40530,"Rockport, TX (MSA)"
40540,"Rock Springs, WY (MSA)"
40580,"Rocky Mount, NC (MSA)"
40620,"Rolla, MO (MSA)"
40660,"Rome, GA (MSA)"
40700,"Roseburg, OR (MSA)"
40740,"Roswell, NM (MSA)"
40760,"Ruidoso, NM (MSA)"
40780,"Russellville, AR (MSA)"
40820,"Ruston, LA (MSA)"
40860,"Rutland, VT (MSA)"
40900,"Sacramento-Roseville-Folsom, CA (MSA)"
40940,"Safford, AZ (MSA)"
40980,"Saginaw, MI (MSA)"
41060,"St. Cloud, MN (MSA)"
41100,"St. George, UT (MSA)"
41140,"St. Joseph, MO-KS (MSA)"
41180,"St. Louis, MO-IL (MSA)"
41220,"St. Marys, GA (MSA)"
41260,"St. Marys, PA (MSA)"
41400,"Salem, OH (MSA)"
41420,"Salem, OR (MSA)"
41460,"Salina, KS (MSA)"
41500,"Salinas, CA (MSA)"
41540,"Salisbury, MD-DE (MSA)"
41620,"Salt Lake City, UT (MSA)"
41660,"San Angelo, TX (MSA)"
41700,"San Antonio-New Braunfels, TX (MSA)"
41740,"San Diego-Chula Vista-Carlsbad, CA (MSA)"
41760,"Sandpoint, ID (MSA)"
41780,"Sandusky, OH (MSA)"
41820,"Sanford, NC (MSA)"
41860,"San Francisco-Oakland-Berkeley, CA (MSA)"
41884,"San Francisco-San Mateo-Redwood City, CA (MD)"
41900,"San Germán, PR (MSA)"
41940,"San Jose-Sunnyvale-Santa Clara, CA (MSA)"
41980,"San Juan-Bayamón-Caguas, PR (MSA)"
42020,"San Luis Obispo-Paso Robles, CA (MSA)"
42034,"San Rafael, CA (MD)"
42100,"Santa Cruz-Watsonville, CA (MSA)"
42140,"Santa Fe, NM (MSA)"
42180,"Santa Isabel, PR (MSA)"
42200,"Santa Maria-Santa Barbara, CA (MSA)"
42220,"Santa Rosa-Petaluma, CA (MSA)"
42300,"Sault Ste. Marie, MI (MSA)"
42340,"Savannah, GA (MSA)"
42380,"Sayre, PA (MSA)"
42420,"Scottsbluff, NE (MSA)"
42460,"Scottsboro, AL (MSA)"
42500,"Scottsburg, IN (MSA)"
42540,"Scranton--Wilkes-Barre, PA (MSA)"
42620,"Searcy, AR (MSA)"
42644,"Seattle-Bellevue-Kent, WA (MD)"
42660,"Seattle-Tacoma-Bellevue, WA (MSA)"
42680,"Sebastian-Vero Beach, FL (MSA)"
42700,"Sebring-Avon Park, FL (MSA)"
42740,"Sedalia, MO (MSA)"
42780,"Selinsgrove, PA (MSA)"
42820,"Selma, AL (MSA)"
42860,"Seneca, SC (MSA)"
42900,"Seneca Falls, NY (MSA)"
42940,"Sevierville, TN (MSA)"
42980,"Seymour, IN (MSA)"
43020,"Shawano, WI (MSA)"
43060,"Shawnee, OK (MSA)"
43100,"Sheboygan, WI (MSA)"
43140,"Shelby, NC (MSA)"
43180,"Shelbyville, TN (MSA)"
43220,"Shelton, WA (MSA)"
43260,"Sheridan, WY (MSA)"
43300,"Sherman-Denison, TX (MSA)"
43320,"Show Low, AZ (MSA)"
43340,"Shreveport-Bossier City, LA (MSA)"
43380,"Sidney, OH (MSA)"
43420,"Sierra Vista-Douglas, AZ (MSA)"
43460,"Sikeston, MO (MSA)"
43500,"Silver City, NM (MSA)"
43580,"Sioux City, IA-NE-SD (MSA)"
43620,"Sioux Falls, SD (MSA)"
43660,"Snyder, TX (MSA)"
43700,"Somerset, KY (MSA)"
43740,"Somerset, PA (MSA)"
43760,"Sonora, CA (MSA)"
43780,"South Bend-Mishawaka, IN-MI (MSA)"
43900,"Spartanburg, SC (MSA)"
43940,"Spearfish, SD (MSA)"
43980,"Spencer, IA (MSA)"
44020,"Spirit Lake, IA (MSA)"
44060,"Spokane-Spokane Valley, WA (MSA)"
44100,"Springfield, IL (MSA)"
44140,"Springfield, MA (MSA)"
44180,"Springfield, MO (MSA)"
44220,"Springfield, OH (MSA)"
44260,"Starkville, MS (MSA)"
44300,"State College, PA (MSA)"
44340,"Statesboro, GA (MSA)"
44420,"Staunton, VA (MSA)"
44460,"Steamboat Springs, CO (MSA)"
44500,"Stephenville, TX (MSA)"
44540,"Sterling, CO (MSA)"
44580,"Sterling, IL (MSA)"
44620,"Stevens Point, WI (MSA)"
44660,"Stillwater, OK (MSA)"
44700,"Stockton, CA (MSA)"
44740,"Storm Lake, IA (MSA)"
44780,"Sturgis, MI (MSA)"
44860,"Sulphur Springs, TX (MSA)"
44900,"Summerville, GA (MSA)"
44940,"Sumter, SC (MSA)"
44980,"Sunbury, PA (MSA)"
45000,"Susanville, CA (MSA)"
45020,"Sweetwater, TX (MSA)"
45060,"Syracuse, NY (MSA)"
45104,"Tacoma-Lakewood, WA (MD)"
45140,"Tahlequah, OK (MSA)"
45180,"Talladega-Sylacauga, AL (MSA)"
45220,"Tallahassee, FL (MSA)"
45300,"Tampa-St. Petersburg-Clearwater, FL (MSA)"
45340,"Taos, NM (MSA)"
45380,"Taylorville, IL (MSA)"
45460,"Terre Haute, IN (MSA)"
45500,"Texarkana, TX-AR (MSA)"
45520,"The Dalles, OR (MSA)"
45540,"The Villages, FL (MSA)"
45580,"Thomaston, GA (MSA)"
45620,"Thomasville, GA (MSA)"
45660,"Tiffin, OH (MSA)"
45700,"Tifton, GA (MSA)"
45740,"Toccoa, GA (MSA)"
45780,"Toledo, OH (MSA)"
45820,"Topeka, KS (MSA)"
45860,"Torrington, CT (MSA)"
45900,"Traverse City, MI (MSA)"
45940,"Trenton-Princeton, NJ (MSA)"
45980,"Troy, AL (MSA)"
46020,"Truckee-Grass Valley, CA (MSA)"
46060,"Tucson, AZ (MSA)"
46100,"Tullahoma-Manchester, TN (MSA)"
46140,"Tulsa, OK (MSA)"
46180,"Tupelo, MS (MSA)"
46220,"Tuscaloosa, AL (MSA)"
46300,"Twin Falls, ID (MSA)"
46340,"Tyler, TX (MSA)"
46380,"Ukiah, CA (MSA)"
46420,"Union, SC (MSA)"
46460,"Union City, TN (MSA)"
46500,"Urbana, OH (MSA)"
46520,"Urban Honolulu, HI (MSA)"
46540,"Utica-Rome, NY (MSA)"
46620,"Uvalde, TX (MSA)"
46660,"Valdosta, GA (MSA)"
46700,"Vallejo, CA (MSA)"
46780,"Van Wert, OH (MSA)"
46820,"Vermillion, SD (MSA)"
46860,"Vernal, UT (MSA)"
46900,"Vernon, TX (MSA)"
46980,"Vicksburg, MS (MSA)"
47020,"Victoria, TX (MSA)"
47080,"Vidalia, GA (MSA)"
47180,"Vincennes, IN (MSA)"
47220,"Vineland-Bridgeton, NJ (MSA)"
47240,"Vineyard Haven, MA (MSA)"
47260,"Virginia Beach-Norfolk-Newport News, VA-NC (MSA)"
47300,"Visalia, CA (MSA)"
47340,"Wabash, IN (MSA)"
47380,"Waco, TX (MSA)"
47420,"Wahpeton, ND-MN (MSA)"
47460,"Walla Walla, WA (MSA)"
47540,"Wapakoneta, OH (MSA)"
47580,"Warner Robins, GA (MSA)"
47620,"Warren, PA (MSA)"
47660,"Warrensburg, MO (MSA)"
47664,"Warren-Troy-Farmington Hills, MI (MD)"
47700,"Warsaw, IN (MSA)"
47780,"Washington, IN (MSA)"
47820,"Washington, NC (MSA)"
47894,"Washington-Arlington-Alexandria, DC-VA-MD-WV (MD)"
47900,"Washington-Arlington-Alexandria, DC-VA-MD-WV (MSA)"
47920,"Washington Court House, OH (MSA)"
47940,"Waterloo-Cedar Falls, IA (MSA)"
47980,"Watertown, SD (MSA)"
48020,"Watertown-Fort Atkinson, WI (MSA)"
48060,"Watertown-Fort Drum, NY (MSA)"
48100,"Wauchula, FL (MSA)"
48140,"Wausau-Weston, WI (MSA)"
48180,"Waycross, GA (MSA)"
48220,"Weatherford, OK (MSA)"
48260,"Weirton-Steubenville, WV-OH (MSA)"
48300,"Wenatchee, WA (MSA)"
48424,"West Palm Beach-Boca Raton-Boynton Beach, FL (MD)"
48460,"West Plains, MO (MSA)"
48500,"West Point, MS (MSA)"
48540,"Wheeling, WV-OH (MSA)"
48580,"Whitewater, WI (MSA)"
48620,"Wichita, KS (MSA)"
48660,"Wichita Falls, TX (MSA)"
48700,"Williamsport, PA (MSA)"
48780,"Williston, ND (MSA)"
48820,"Willmar, MN (MSA)"
48864,"Wilmington, DE-MD-NJ (MD)"
48900,"Wilmington, NC (MSA)"
48940,"Wilmington, OH (MSA)"
48980,"Wilson, NC (MSA)"
49020,"Winchester, VA-WV (MSA)"
49060,"Winfield, KS (MSA)"
49080,"Winnemucca, NV (MSA)"
49100,"Winona, MN (MSA)"
49180,"Winston-Salem, NC (MSA)"
49220,"Wisconsin Rapids-Marshfield, WI (MSA)"
49260,"Woodward, OK (MSA)"
49300,"Wooster, OH (MSA)"
49340,"Worcester, MA-CT (MSA)"
49380,"Worthington, MN (MSA)"
49420,"Yakima, WA (MSA)"
49460,"Yankton, SD (MSA)"
49500,"Yauco, PR (MSA)"
49620,"York-Hanover, PA (MSA)"
49660,"Youngstown-Warren-Boardman, OH-PA (MSA)"
49700,"Yuba City, CA (MSA)"
49740,"Yuma, AZ (MSA)"
49780,"Zanesville, OH (MSA)"
49820,"Zapata, TX (MSA)"
